marca,model,an,pret,tip_combustibil,tip_caroserie,putere_cp,consum_mediu,emisii_co2,lungime_mm,latime_mm,inaltime_mm,volum_portbagaj,numar_locuri,rating_siguranta,rating_comfort,rating_sport,rating_economie,rating_estetica
Dacia,Logan,2018,6500,benzina,sedan,73,6.4,149,4346,1733,1471,510,5,3.0,2.5,1.5,4.8,2.0
Dacia,Logan,2022,9800,benzina,sedan,91,6.0,137,4367,1739,1471,528,5,3.4,3.0,1.5,4.7,2.8
Dacia,Sandero,2019,7200,benzina,hatchback,73,6.2,144,4088,1735,1523,328,5,3.2,2.5,1.8,4.6,2.5
Dacia,Sandero Stepway,2023,13500,benzina,hatchback,91,6.1,139,4088,1735,1541,328,5,3.4,3.0,2.0,4.5,3.2
Dacia,Duster,2020,14000,diesel,suv,115,5.7,150,4341,1804,1693,445,5,3.0,3.0,2.0,4.2,2.8
Dacia,Duster,2024,19500,benzina,suv,130,6.8,155,4341,1804,1693,445,5,3.5,3.2,2.2,4.0,3.5
Dacia,Jogger,2023,15800,benzina,break,110,6.4,146,4547,1784,1632,708,7,3.2,3.2,1.5,4.3,3.0
Dacia,Spring,2023,12000,electric,hatchback,65,14.5,0,3734,1579,1516,290,4,2.8,2.2,1.2,4.9,2.5
Renault,Clio,2020,11500,benzina,hatchback,100,5.8,132,4050,1798,1440,391,5,4.2,3.5,2.5,4.3,3.5
Renault,Clio,2023,16000,hybrid,hatchback,140,4.3,98,4050,1798,1440,391,5,4.2,3.8,2.8,4.7,3.8
Renault,Megane,2019,13000,diesel,hatchback,115,4.8,128,4359,1814,1447,384,5,4.0,3.5,2.8,4.2,3.3
Renault,Megane E-Tech,2023,35000,electric,hatchback,220,16.1,0,4200,1768,1505,440,5,4.5,4.0,3.2,4.5,4.2
Renault,Captur,2021,17500,benzina,suv,130,6.4,147,4227,1797,1576,422,5,4.0,3.5,2.2,4.0,3.5
Renault,Austral,2023,28000,hybrid,suv,200,4.6,105,4510,1825,1624,500,5,4.3,4.0,3.0,4.3,3.8
Peugeot,208,2020,14500,benzina,hatchback,100,5.9,136,4055,1745,1430,309,5,4.2,3.5,2.5,4.2,4.0
Peugeot,208,2023,16500,benzina,hatchback,100,5.8,132,4055,1745,1430,309,5,4.2,3.5,2.5,4.2,4.2
Peugeot,e-208,2023,28000,electric,hatchback,136,15.2,0,4055,1745,1430,265,5,4.2,3.5,3.0,4.5,4.2
Peugeot,308,2022,22000,benzina,hatchback,130,6.1,139,4367,1852,1441,412,5,4.3,3.8,3.0,4.0,4.3
Peugeot,3008,2021,24000,diesel,suv,130,5.2,138,4447,1841,1624,520,5,4.3,4.0,2.5,4.2,4.0
Peugeot,3008,2024,35000,hybrid,suv,225,1.4,32,4510,1890,1636,520,5,4.5,4.2,3.0,4.5,4.5
Peugeot,5008,2022,30000,diesel,suv,130,5.5,144,4641,1844,1646,780,7,4.2,4.0,2.0,4.0,3.8
Citroen,C3,2021,12000,benzina,hatchback,83,5.8,132,3996,1749,1474,300,5,3.5,3.2,1.5,4.5,3.0
Citroen,C3 Aircross,2022,18000,benzina,suv,110,6.2,142,4154,1756,1637,410,5,3.5,3.3,1.8,4.2,3.2
Citroen,C4,2023,22000,benzina,hatchback,130,6.0,137,4360,1800,1525,380,5,4.0,4.0,2.2,4.0,3.8
Citroen,C5 Aircross,2022,26000,diesel,suv,130,5.5,144,4500,1859,1670,580,5,4.2,4.2,2.0,4.0,3.5
Opel,Corsa,2021,14000,benzina,hatchback,100,5.8,132,4060,1765,1433,309,5,4.0,3.3,2.5,4.3,3.3
Opel,Corsa-e,2023,27000,electric,hatchback,136,15.2,0,4060,1765,1433,267,5,4.0,3.3,2.8,4.5,3.5
Opel,Astra,2023,23000,benzina,hatchback,130,6.1,139,4374,1860,1442,422,5,4.2,3.8,3.0,4.0,4.0
Opel,Mokka,2022,22000,benzina,suv,130,6.5,148,4151,1791,1534,350,5,4.0,3.5,2.5,3.8,4.0
Ford,Fiesta,2019,10500,benzina,hatchback,100,5.9,136,4040,1735,1476,292,5,3.8,3.0,3.0,4.3,3.2
Ford,Focus,2020,15000,benzina,hatchback,125,6.0,137,4378,1825,1471,375,5,4.2,3.5,3.3,4.0,3.5
Ford,Focus,2022,20000,diesel,break,120,4.7,123,4668,1825,1484,575,5,4.2,3.8,2.8,4.5,3.3
Ford,Puma,2022,22000,hybrid,suv,125,5.4,124,4207,1805,1537,456,5,4.3,3.5,2.8,4.3,4.0
Ford,Kuga,2021,25000,hybrid,suv,190,1.4,32,4614,1883,1669,475,5,4.3,3.8,2.8,4.5,3.5
Ford,Mustang Mach-E,2023,48000,electric,suv,269,18.1,0,4713,1881,1624,402,5,4.5,4.0,4.0,4.0,4.5
Volkswagen,Polo,2020,13000,benzina,hatchback,95,5.7,130,4053,1751,1446,351,5,4.2,3.5,2.5,4.3,3.5
Volkswagen,Polo,2023,18000,benzina,hatchback,110,5.6,128,4074,1751,1446,351,5,4.3,3.5,2.8,4.3,3.7
Volkswagen,Golf,2020,18500,benzina,hatchback,130,6.0,137,4284,1789,1456,381,5,4.5,4.0,3.5,4.0,4.0
Volkswagen,Golf,2024,28000,benzina,hatchback,150,5.8,132,4284,1789,1456,381,5,4.5,4.2,3.5,4.0,4.2
Volkswagen,Golf GTI,2023,38000,benzina,hatchback,245,7.4,168,4284,1789,1456,381,5,4.5,3.8,4.5,3.2,4.5
Volkswagen,Golf R,2023,48000,benzina,hatchback,320,8.0,183,4284,1789,1456,381,5,4.5,3.8,4.8,2.8,4.5
Volkswagen,Tiguan,2021,28000,diesel,suv,150,5.5,144,4509,1839,1675,615,5,4.5,4.2,2.5,4.0,3.8
Volkswagen,Tiguan,2024,38000,benzina,suv,150,7.0,160,4534,1839,1657,615,5,4.5,4.3,2.8,3.8,4.2
Volkswagen,Passat,2020,20000,diesel,break,150,5.0,132,4773,1832,1484,650,5,4.5,4.3,3.0,4.3,3.8
Volkswagen,Passat,2024,40000,benzina,break,272,7.2,164,4917,1849,1507,690,5,4.8,4.5,3.5,3.5,4.2
Volkswagen,Arteon,2022,35000,diesel,sedan,200,5.5,144,4862,1871,1427,563,5,4.5,4.5,3.5,4.0,4.8
Volkswagen,ID.3,2023,32000,electric,hatchback,204,15.8,0,4261,1809,1552,385,5,4.3,3.8,3.0,4.5,3.8
Volkswagen,ID.4,2023,38000,electric,suv,204,17.0,0,4584,1852,1640,543,5,4.5,4.0,2.8,4.3,4.0
Skoda,Fabia,2022,14500,benzina,hatchback,110,5.5,126,4108,1780,1459,380,5,4.0,3.3,2.5,4.5,3.2
Skoda,Octavia,2020,18000,diesel,break,150,4.8,126,4689,1829,1468,640,5,4.5,4.0,3.0,4.5,3.5
Skoda,Octavia,2023,25000,benzina,break,150,6.2,141,4689,1829,1468,640,5,4.5,4.2,3.0,4.2,3.8
Skoda,Octavia RS,2023,35000,benzina,break,245,7.1,161,4689,1829,1468,640,5,4.5,3.8,4.3,3.2,4.2
Skoda,Superb,2022,30000,diesel,break,150,5.0,132,4869,1864,1468,660,5,4.5,4.5,2.8,4.3,4.0
Skoda,Kodiaq,2022,32000,diesel,suv,150,5.8,152,4697,1882,1676,720,7,4.5,4.2,2.2,4.0,3.5
Skoda,Kamiq,2022,20000,benzina,suv,110,6.0,137,4241,1793,1560,400,5,4.2,3.5,2.2,4.2,3.5
Seat,Ibiza,2021,13500,benzina,hatchback,110,5.6,128,4059,1780,1444,355,5,4.0,3.2,2.8,4.3,3.5
Seat,Leon,2022,20000,benzina,hatchback,150,6.0,137,4368,1800,1456,380,5,4.3,3.5,3.5,4.0,4.0
Seat,Leon Cupra,2022,35000,benzina,hatchback,300,7.5,170,4368,1800,1456,380,5,4.3,3.5,4.7,3.0,4.3
Seat,Ateca,2022,25000,diesel,suv,150,5.6,147,4363,1841,1615,510,5,4.3,3.8,2.8,4.2,3.5
Toyota,Yaris,2021,15000,hybrid,hatchback,116,3.8,87,3940,1745,1500,286,5,4.5,3.3,2.2,4.8,3.2
Toyota,Yaris Cross,2023,22000,hybrid,suv,116,4.4,101,4180,1765,1560,320,5,4.5,3.5,2.0,4.7,3.5
Toyota,Corolla,2022,22000,hybrid,hatchback,140,4.5,103,4370,1790,1435,361,5,4.5,3.8,3.0,4.7,3.8
Toyota,Corolla Cross,2023,30000,hybrid,suv,197,5.0,114,4460,1825,1620,433,5,4.8,4.0,2.5,4.5,3.8
Toyota,RAV4,2022,32000,hybrid,suv,222,5.6,128,4600,1855,1685,580,5,4.8,4.0,2.5,4.3,3.5
Toyota,Camry,2023,35000,hybrid,sedan,218,4.9,112,4885,1840,1445,493,5,4.8,4.5,2.8,4.5,3.8
Toyota,C-HR,2023,28000,hybrid,suv,200,4.8,110,4360,1831,1565,310,5,4.5,3.5,3.0,4.5,4.2
Toyota,Supra,2023,55000,benzina,coupe,340,8.5,194,4379,1854,1292,290,2,4.0,3.0,4.8,2.5,4.8
Honda,Civic,2023,28000,benzina,hatchback,182,6.5,148,4549,1802,1415,404,5,4.5,3.8,3.5,3.8,4.0
Honda,HR-V,2023,27000,hybrid,suv,131,5.4,122,4340,1790,1580,319,5,4.3,3.5,2.2,4.5,3.5
Honda,CR-V,2023,38000,hybrid,suv,184,6.0,137,4694,1855,1679,587,5,4.5,4.0,2.5,4.2,3.5
Honda,ZR-V,2023,35000,hybrid,suv,184,6.2,141,4568,1840,1620,380,5,4.5,3.8,3.0,4.0,4.0
Hyundai,i20,2021,13000,benzina,hatchback,100,5.8,132,4040,1775,1440,351,5,4.0,3.2,2.5,4.3,3.5
Hyundai,i30,2022,19000,benzina,hatchback,160,6.5,148,4340,1795,1455,395,5,4.3,3.5,3.0,4.0,3.5
Hyundai,i30 N,2022,35000,benzina,hatchback,280,8.0,183,4340,1795,1455,395,5,4.0,3.2,4.7,2.8,4.0
Hyundai,Tucson,2022,28000,hybrid,suv,230,5.5,126,4500,1865,1650,546,5,4.5,4.0,2.8,4.3,4.2
Hyundai,Kona,2023,24000,benzina,suv,120,6.2,141,4355,1825,1575,466,5,4.3,3.5,2.2,4.0,3.8
Hyundai,Kona Electric,2023,35000,electric,suv,204,14.7,0,4355,1825,1575,466,5,4.3,3.5,3.0,4.5,3.8
Hyundai,Ioniq 5,2023,42000,electric,suv,325,16.8,0,4635,1890,1605,527,5,4.8,4.3,3.5,4.3,4.8
Hyundai,Ioniq 6,2023,45000,electric,sedan,325,14.3,0,4855,1880,1495,401,5,4.8,4.3,3.5,4.5,4.8
Kia,Picanto,2021,10500,benzina,hatchback,67,4.8,109,3595,1595,1485,255,5,3.2,2.5,1.5,4.8,2.8
Kia,Ceed,2022,19000,benzina,hatchback,160,6.5,148,4310,1800,1447,395,5,4.2,3.5,3.0,4.0,3.5
Kia,Sportage,2023,30000,hybrid,suv,230,5.5,126,4515,1865,1645,543,5,4.5,4.0,2.8,4.3,4.3
Kia,EV6,2023,45000,electric,suv,325,16.5,0,4680,1880,1550,490,5,4.8,4.2,4.0,4.3,4.8
Kia,Stinger,2022,40000,benzina,sedan,245,8.5,194,4830,1870,1400,406,5,4.2,4.0,4.2,3.0,4.5
Mazda,3,2022,22000,benzina,hatchback,150,6.5,148,4459,1797,1440,358,5,4.3,3.8,3.5,3.8,4.5
Mazda,CX-5,2022,28000,benzina,suv,165,7.1,163,4550,1842,1680,506,5,4.3,4.0,3.0,3.5,4.0
Mazda,CX-30,2023,24000,benzina,suv,150,6.5,148,4395,1795,1540,430,5,4.3,3.8,3.0,3.8,4.3
Mazda,MX-5,2023,30000,benzina,coupe,184,6.8,155,3915,1735,1230,130,2,3.5,3.0,4.5,3.5,4.8
Nissan,Micra,2019,10000,benzina,hatchback,100,5.4,123,3999,1743,1455,300,5,3.8,2.8,2.0,4.5,3.0
Nissan,Qashqai,2022,27000,benzina,suv,158,6.5,148,4425,1838,1635,504,5,4.3,3.8,2.5,3.8,3.8
Nissan,Leaf,2022,28000,electric,hatchback,150,15.5,0,4480,1790,1540,435,5,4.0,3.5,2.5,4.5,3.0
Nissan,Ariya,2023,42000,electric,suv,242,16.5,0,4595,1850,1660,468,5,4.5,4.2,3.0,4.2,4.2
BMW,Seria 1,2021,22000,benzina,hatchback,136,6.5,148,4319,1799,1434,380,5,4.3,3.5,3.5,3.5,4.0
BMW,Seria 1,2024,32000,benzina,hatchback,170,6.8,155,4361,1800,1459,380,5,4.5,3.8,3.8,3.3,4.3
BMW,Seria 3,2020,28000,diesel,sedan,190,5.2,137,4709,1827,1435,480,5,4.5,4.2,4.0,4.0,4.5
BMW,Seria 3,2024,42000,benzina,sedan,245,7.0,159,4709,1827,1435,480,5,4.8,4.3,4.2,3.5,4.5
BMW,Seria 5,2022,40000,diesel,sedan,190,5.5,144,4963,1868,1479,530,5,4.8,4.8,3.5,3.8,4.8
BMW,Seria 5,2024,55000,benzina,sedan,299,7.5,171,5060,1900,1515,520,5,5.0,4.8,4.0,3.3,4.8
BMW,X1,2022,32000,benzina,suv,136,6.8,155,4500,1845,1642,540,5,4.5,4.0,3.0,3.5,4.0
BMW,X3,2022,40000,diesel,suv,190,5.8,152,4708,1891,1676,550,5,4.8,4.3,3.2,3.8,4.3
BMW,X5,2022,58000,diesel,suv,286,6.8,179,4922,2004,1745,650,5,5.0,4.8,3.5,3.2,4.5
BMW,iX3,2023,52000,electric,suv,286,17.5,0,4734,1891,1668,510,5,4.8,4.2,3.5,4.0,4.3
BMW,i4,2023,48000,electric,sedan,340,16.1,0,4783,1852,1448,470,5,4.8,4.2,4.2,4.0,4.8
BMW,M3,2023,72000,benzina,sedan,480,9.0,205,4794,1903,1433,480,5,4.5,3.8,5.0,2.2,4.8
BMW,M4,2023,78000,benzina,coupe,480,9.2,210,4794,1887,1393,440,4,4.5,3.5,5.0,2.0,4.8
BMW,M4 Competition,2024,90000,benzina,coupe,510,9.5,217,4794,1887,1393,440,4,4.5,3.5,5.0,1.8,5.0
Mercedes-Benz,Clasa A,2021,24000,benzina,hatchback,163,6.5,148,4419,1796,1440,370,5,4.3,3.8,3.0,3.5,4.2
Mercedes-Benz,Clasa A,2023,30000,benzina,hatchback,163,6.3,144,4419,1796,1440,370,5,4.5,4.0,3.0,3.5,4.3
Mercedes-Benz,Clasa C,2022,38000,benzina,sedan,204,6.8,155,4751,1820,1437,455,5,4.8,4.5,3.5,3.5,4.8
Mercedes-Benz,Clasa C,2024,45000,hybrid,sedan,313,2.0,46,4751,1820,1437,455,5,5.0,4.8,3.8,4.2,4.8
Mercedes-Benz,Clasa E,2022,45000,diesel,sedan,220,5.5,144,4949,1880,1468,540,5,5.0,4.8,3.2,3.8,4.8
Mercedes-Benz,Clasa E,2024,58000,hybrid,sedan,313,2.0,46,5065,1880,1468,540,5,5.0,5.0,3.5,4.0,5.0
Mercedes-Benz,GLA,2022,32000,benzina,suv,163,6.8,155,4410,1834,1611,435,5,4.5,4.0,2.8,3.5,4.2
Mercedes-Benz,GLC,2023,45000,benzina,suv,204,7.2,164,4716,1890,1640,600,5,4.8,4.5,3.0,3.3,4.5
Mercedes-Benz,GLE,2022,60000,diesel,suv,272,7.0,184,4924,2020,1796,630,5,5.0,4.8,3.0,3.0,4.5
Mercedes-Benz,EQA,2023,42000,electric,suv,190,17.0,0,4463,1834,1620,340,5,4.5,4.0,2.8,4.2,4.2
Mercedes-Benz,EQC,2023,55000,electric,suv,408,21.3,0,4762,1884,1624,500,5,4.8,4.3,3.5,3.5,4.3
Mercedes-Benz,AMG C43,2023,62000,benzina,sedan,408,9.0,206,4751,1820,1437,455,5,4.8,4.2,4.8,2.5,4.8
Mercedes-Benz,AMG C63 S,2023,85000,hybrid,sedan,680,6.9,157,4820,1900,1450,350,5,4.8,4.0,5.0,2.5,5.0
Audi,A1,2021,18000,benzina,hatchback,116,5.8,132,4029,1740,1409,335,5,4.0,3.2,2.5,4.0,4.0
Audi,A3,2022,28000,benzina,sedan,150,6.2,141,4343,1816,1425,380,5,4.5,3.8,3.2,3.8,4.3
Audi,A4,2021,30000,diesel,sedan,163,5.2,137,4762,1847,1428,460,5,4.5,4.3,3.5,4.0,4.5
Audi,A4,2024,42000,benzina,sedan,204,6.8,155,4762,1847,1428,460,5,4.8,4.5,3.5,3.5,4.5
Audi,A6,2022,42000,diesel,sedan,204,5.5,144,4939,1886,1457,530,5,4.8,4.8,3.2,3.8,4.8
Audi,Q3,2022,30000,benzina,suv,150,6.8,155,4484,1856,1616,530,5,4.5,4.0,2.8,3.5,4.2
Audi,Q5,2022,42000,diesel,suv,204,6.0,158,4682,1893,1669,520,5,4.8,4.3,3.0,3.5,4.3
Audi,Q7,2022,55000,diesel,suv,286,7.2,189,5063,1970,1741,705,7,5.0,4.8,3.0,3.0,4.5
Audi,e-tron GT,2023,85000,electric,sedan,476,19.6,0,4989,1964,1396,405,4,5.0,4.5,4.8,3.5,5.0
Audi,RS5,2023,82000,benzina,coupe,450,9.8,224,4723,1861,1366,465,4,4.5,3.8,4.8,2.0,5.0
Audi,RS5 Sportback,2023,85000,benzina,sedan,450,9.8,224,4723,1861,1386,465,5,4.5,4.0,4.8,2.0,5.0
Audi,RS3,2023,55000,benzina,sedan,400,8.5,194,4500,1816,1410,321,5,4.5,3.5,4.8,2.5,4.5
Volvo,XC40,2022,32000,benzina,suv,163,7.0,160,4425,1863,1647,452,5,4.8,4.0,2.5,3.5,4.0
Volvo,XC60,2022,42000,diesel,suv,197,6.2,163,4688,1902,1658,483,5,5.0,4.5,2.8,3.5,4.3
Volvo,XC90,2022,58000,hybrid,suv,303,2.4,55,4953,2008,1776,640,7,5.0,4.8,2.5,4.0,4.5
Volvo,C40 Recharge,2023,48000,electric,suv,408,17.8,0,4440,1873,1596,413,5,5.0,4.0,3.5,4.0,4.5
Volvo,S60,2022,35000,benzina,sedan,197,7.0,160,4761,1850,1431,442,5,5.0,4.3,3.5,3.5,4.5
Tesla,Model 3,2023,40000,electric,sedan,325,14.0,0,4694,1849,1443,561,5,4.8,3.8,4.2,4.5,4.5
Tesla,Model Y,2023,45000,electric,suv,325,15.0,0,4751,1921,1624,854,5,4.8,3.8,3.8,4.3,4.3
Tesla,Model S,2023,85000,electric,sedan,670,16.8,0,4970,1964,1445,793,5,4.8,4.5,4.8,3.8,4.8
Tesla,Model X,2023,95000,electric,suv,670,18.5,0,5057,2070,1684,935,7,4.8,4.5,4.0,3.5,4.5
Fiat,500,2020,12000,benzina,hatchback,69,5.2,119,3571,1627,1488,185,4,3.5,2.5,1.5,4.5,4.0
Fiat,Tipo,2021,14000,benzina,sedan,100,6.2,141,4532,1792,1497,520,5,3.5,3.0,2.0,4.2,2.8
Fiat,500e,2023,25000,electric,hatchback,118,13.0,0,3632,1683,1527,185,4,3.8,2.8,2.5,4.5,4.5
Mini,Cooper,2023,25000,benzina,hatchback,136,5.8,132,3854,1727,1432,211,4,4.0,3.3,3.5,3.5,4.5
Mini,Countryman,2023,32000,benzina,suv,136,6.8,155,4433,1843,1656,450,5,4.2,3.5,3.0,3.2,4.2
Alfa Romeo,Giulia,2022,35000,benzina,sedan,200,7.2,164,4643,1860,1426,480,5,4.3,3.8,4.2,3.0,4.8
Alfa Romeo,Stelvio,2022,38000,benzina,suv,200,7.5,171,4687,1903,1671,525,5,4.3,3.8,3.5,3.0,4.5
Alfa Romeo,Giulia Quadrifoglio,2023,75000,benzina,sedan,510,9.5,217,4643,1860,1426,480,5,4.0,3.5,5.0,2.0,5.0
Subaru,Impreza,2022,24000,benzina,hatchback,150,7.0,160,4475,1775,1480,345,5,4.5,3.5,3.5,3.5,3.2
Subaru,Forester,2022,32000,benzina,suv,150,7.5,171,4640,1815,1730,520,5,4.8,3.8,2.5,3.3,3.0
Subaru,XV,2022,28000,benzina,suv,150,7.2,164,4480,1800,1615,385,5,4.5,3.5,3.0,3.3,3.2
Suzuki,Swift,2021,12000,benzina,hatchback,83,5.2,119,3845,1735,1495,265,5,3.5,2.8,2.5,4.8,3.0
Suzuki,Vitara,2022,20000,benzina,suv,129,6.5,148,4175,1775,1610,375,5,3.8,3.2,2.5,4.0,3.2
Mitsubishi,ASX,2022,20000,benzina,suv,150,6.5,148,4365,1810,1640,393,5,3.8,3.3,2.2,3.8,3.2
Mitsubishi,Outlander PHEV,2023,40000,hybrid,suv,252,1.8,41,4710,1860,1745,469,5,4.5,4.0,2.8,4.5,3.5
Jeep,Renegade,2022,22000,benzina,suv,130,7.0,160,4236,1805,1667,351,5,3.5,3.0,2.5,3.5,3.5
Jeep,Compass,2022,28000,diesel,suv,130,5.8,152,4404,1818,1640,438,5,3.8,3.3,2.5,3.8,3.3
Jeep,Wrangler,2023,55000,benzina,suv,272,10.0,228,4334,1894,1848,548,5,3.5,2.8,3.5,2.5,4.0
Land Rover,Discovery Sport,2022,38000,diesel,suv,163,6.2,163,4597,2173,1727,602,5,4.3,4.0,2.5,3.2,4.0
Land Rover,Range Rover Evoque,2022,42000,diesel,suv,163,6.5,171,4371,2096,1649,591,5,4.3,4.2,2.8,3.0,4.8
Land Rover,Range Rover Sport,2023,80000,diesel,suv,350,8.0,210,4946,2073,1803,780,5,4.8,4.8,3.5,2.5,5.0
Porsche,Macan,2022,58000,benzina,suv,265,8.8,201,4726,1922,1621,488,5,4.8,4.2,4.3,2.5,4.8
Porsche,Cayenne,2022,72000,benzina,suv,340,9.5,216,4918,1983,1696,745,5,5.0,4.5,4.0,2.2,4.8
Porsche,911 Carrera,2023,110000,benzina,coupe,385,9.0,205,4519,1852,1298,132,4,4.5,3.5,5.0,2.0,5.0
Porsche,911 Turbo S,2023,195000,benzina,coupe,650,11.1,253,4535,1900,1303,128,4,4.5,3.5,5.0,1.5,5.0
Porsche,Taycan,2023,90000,electric,sedan,408,19.5,0,4963,1966,1378,366,4,5.0,4.5,4.8,3.5,5.0
Porsche,Panamera,2023,95000,benzina,sedan,353,9.5,216,5049,1937,1423,495,4,5.0,4.8,4.2,2.5,5.0
Lamborghini,Huracan,2023,225000,benzina,coupe,640,13.5,308,4459,1924,1165,100,2,3.5,2.0,5.0,1.0,5.0
Lamborghini,Huracan Evo Spyder,2023,260000,benzina,coupe,640,13.7,312,4459,1924,1180,100,2,3.5,2.0,5.0,1.0,5.0
Lamborghini,Urus,2023,210000,benzina,suv,650,12.5,285,5112,2016,1638,616,5,4.0,3.8,4.8,1.0,5.0
Ferrari,F8 Tributo,2023,280000,benzina,coupe,720,14.0,319,4611,1979,1206,200,2,3.5,2.0,5.0,1.0,5.0
Ferrari,Roma,2023,220000,benzina,coupe,620,11.5,262,4656,1974,1301,272,2,3.8,3.0,5.0,1.0,5.0
McLaren,720S,2023,270000,benzina,coupe,720,12.2,278,4543,2059,1196,150,2,3.5,2.2,5.0,1.0,5.0
Aston Martin,Vantage,2023,160000,benzina,coupe,535,11.0,251,4465,1942,1273,235,2,3.8,3.2,4.8,1.2,5.0
Aston Martin,DB11,2023,200000,benzina,coupe,639,12.0,274,4750,1950,1290,270,4,4.0,3.8,4.5,1.0,5.0
Maserati,Ghibli,2022,70000,benzina,sedan,350,10.0,228,4971,1945,1461,500,5,4.2,4.2,4.2,2.0,5.0
Maserati,Levante,2022,78000,benzina,suv,350,10.5,239,5003,1981,1693,580,5,4.2,4.2,3.5,1.8,4.8
Maserati,MC20,2023,215000,benzina,coupe,630,11.5,262,4669,1965,1224,150,2,3.5,2.5,5.0,1.0,5.0
Jaguar,F-Pace,2022,48000,diesel,suv,204,6.8,179,4747,2175,1665,619,5,4.5,4.2,3.2,3.2,4.5
Jaguar,I-Pace,2023,65000,electric,suv,400,22.0,0,4682,2139,1565,505,5,4.8,4.0,4.0,3.2,4.8
Jaguar,F-Type,2023,75000,benzina,coupe,450,10.0,228,4470,1923,1311,310,2,4.0,3.2,4.8,1.8,5.0
Lexus,UX,2023,32000,hybrid,suv,184,4.8,110,4495,1840,1540,320,5,4.8,3.8,2.5,4.5,4.0
Lexus,NX,2023,42000,hybrid,suv,244,5.8,132,4660,1865,1660,520,5,5.0,4.5,2.8,4.2,4.5
Lexus,RX,2023,55000,hybrid,suv,308,6.0,137,4890,1920,1700,612,5,5.0,4.8,3.0,3.8,4.5
Lexus,ES,2023,42000,hybrid,sedan,218,4.8,110,4975,1865,1445,454,5,5.0,4.8,2.5,4.5,4.5
Lexus,LC,2023,95000,benzina,coupe,471,10.0,228,4770,1920,1345,197,4,4.5,4.0,4.5,2.0,5.0
Cupra,Born,2023,35000,electric,hatchback,204,15.5,0,4322,1809,1540,385,5,4.3,3.5,3.5,4.2,4.3
Cupra,Formentor,2023,35000,benzina,suv,245,7.5,171,4450,1839,1511,420,5,4.3,3.5,4.0,3.0,4.5
Cupra,Leon VZ,2023,38000,benzina,hatchback,300,7.5,170,4368,1800,1456,380,5,4.3,3.5,4.7,2.8,4.5
Porsche,718 Cayman,2023,62000,benzina,coupe,300,8.0,183,4379,1801,1295,150,2,4.0,3.0,4.8,2.5,4.8
BMW,Z4,2023,48000,benzina,coupe,258,7.5,171,4324,1864,1304,281,2,4.0,3.2,4.5,2.8,4.8
Mercedes-Benz,AMG GT,2023,150000,benzina,coupe,585,11.3,258,4546,1939,1288,350,2,4.3,3.2,5.0,1.5,5.0
Mercedes-Benz,Clasa S,2023,110000,benzina,sedan,449,9.0,206,5289,1954,1503,550,5,5.0,5.0,3.5,2.5,5.0
BMW,Seria 7,2023,100000,benzina,sedan,400,8.5,194,5391,1950,1544,540,5,5.0,5.0,3.5,2.5,5.0
Audi,A8,2023,90000,benzina,sedan,340,8.0,183,5187,1945,1473,505,5,5.0,5.0,3.2,2.8,5.0
Genesis,G70,2023,38000,benzina,sedan,245,8.0,183,4685,1850,1400,330,5,4.5,4.0,4.0,3.0,4.3
Genesis,GV70,2023,42000,benzina,suv,245,8.5,194,4715,1910,1630,542,5,4.8,4.2,3.5,3.0,4.5
Polestar,2,2023,42000,electric,sedan,408,15.5,0,4606,1859,1482,405,5,4.8,4.0,4.0,4.2,4.5